{
    "loss": 0.5030840635299683,
    "accuracy": 0.9396551847457886
}